SCORE:,total_score,dslf_fa13,fa_atr,fa_dun,fa_elec,fa_intra_rep,fa_intra_sol_xover4,fa_rep,fa_sol,hbond_bb_sc,hbond_lr_bb,hbond_sc,hbond_sr_bb,lk_ball_wtd,omega,p_aa_pp,pro_close,rama_prepro,ref,yhh_planarity,description
SCORE:,1918.001,-5.711,-1605.2720000000002,360.408,-451.849,3.3089999999999997,53.99,2838.067,912.192,-47.36600000000001,-123.21700000000001,-36.074,-32.952,-34.635,22.016,-58.051,7.079,18.877,97.055,0.136,aflibercept_input_0001_0001
SCORE:,845.4960000000001,-5.711,-1601.9820000000002,365.723,-444.342,3.3139999999999996,53.815,1670.49,906.928,-46.042,-122.31,-36.074,-34.512,-32.542,25.78,-53.025,75.155,23.642,97.055,0.136,aflibercept_input_0001_0002
SCORE:,1389.727,-5.715,-1605.259,363.66,-448.644,3.365,54.937,2320.172,905.556,-46.933,-121.762,-36.676,-32.928000000000004,-35.19,21.36,-63.461000000000006,1.474,18.543,97.055,0.171,aflibercept_input_0002_0001
SCORE:,804.081,-5.946000000000001,-1581.639,364.98199999999997,-469.342,3.406,55.126000000000005,1680.52,901.446,-51.971000000000004,-124.426,-39.222,-32.294000000000004,-33.909,23.136999999999997,-51.743,46.9,21.843000000000004,97.055,0.161,aflibercept_input_0003_0003
SCORE:,839.137,-5.715,-1587.076,369.037,-453.293,3.293,54.248999999999995,1760.48,898.2130000000001,-43.843,-121.762,-36.676,-35.141,-37.399,22.511,-60.93600000000001,1.673,14.294,97.055,0.171,aflibercept_input_0002_0003
SCORE:,97.693,-5.715,-1586.396,369.23199999999997,-447.413,3.32,54.602,1008.191,891.7610000000001,-46.653,-121.762,-38.797,-34.365,-36.836999999999996,23.910999999999998,-56.983999999999995,1.871,22.5,97.055,0.171,aflibercept_input_0002_0002
SCORE:,1521.714,-5.79,-1599.6570000000002,353.76199999999994,-452.284,3.2880000000000003,53.763000000000005,2478.62,892.3910000000001,-51.144,-123.189,-38.591,-35.25,-34.68,22.63,-59.292,1.5419999999999998,18.230999999999998,97.055,0.309,aflibercept_input_0004_0002
SCORE:,3605.143,-5.79,-1618.858,361.31699999999995,-448.48,3.455,54.00899999999999,4533.063,912.8710000000001,-49.5,-124.177,-37.065,-33.745,-35.247,27.566999999999997,-54.532,4.04,18.851,97.055,0.309,aflibercept_input_0004_0001
SCORE:,839.1189999999999,-5.711,-1609.517,360.751,-437.207,3.284,54.006,1741.7939999999999,911.69,-46.48,-122.85600000000001,-37.341,-31.668000000000003,-33.927,28.869,-60.76,2.089,24.913,97.055,0.136,aflibercept_input_0001_0003
SCORE:,2064.891,-5.946000000000001,-1603.237,367.26300000000003,-437.43800000000005,3.343,54.681999999999995,2937.5290000000005,924.057,-49.163999999999994,-122.113,-42.504,-33.374,-30.141,21.276999999999997,-54.982,15.870999999999999,22.554000000000002,97.055,0.161,aflibercept_input_0003_0001
SCORE:,581.506,-5.79,-1589.361,366.269,-453.967,3.4360000000000004,52.375,1524.871,898.5930000000001,-50.61600000000001,-123.536,-36.564,-37.284,-35.336999999999996,20.293,-60.535,1.459,9.834,97.055,0.309,aflibercept_input_0004_0003
SCORE:,1954.66,-5.946000000000001,-1605.646,370.155,-450.42699999999996,3.3,54.818000000000005,2887.2709999999997,909.993,-47.776,-123.24,-37.909,-32.234,-36.489000000000004,21.006999999999998,-62.141000000000005,1.902,10.808,97.055,0.161,aflibercept_input_0003_0002
SCORE:,469.76300000000003,-5.562,-1596.243,360.92699999999996,-446.666,3.339,53.44,1331.703,910.535,-48.628,-122.189,-38.403,-32.753,-32.674,21.605999999999998,-52.942,39.56,27.318,97.055,0.341,aflibercept_input_0005_0001
SCORE:,1069.275,-5.864,-1606.0079999999998,349.341,-436.51199999999994,3.295,54.056999999999995,1988.585,920.3889999999999,-49.339,-123.64,-39.609,-31.061,-32.273,23.449,-60.698,1.745,16.053,97.055,0.31,aflibercept_input_0006_0003
SCORE:,1884.251,-5.562,-1570.721,369.45599999999996,-449.222,3.39,53.743,2777.002,890.19,-50.13,-122.189,-37.416,-33.689,-36.22,22.669,-54.19,8.732999999999999,21.011,97.055,0.341,aflibercept_input_0005_0002
SCORE:,1706.382,-5.715,-1607.567,376.334,-445.486,3.341,55.082,2614.746,907.2589999999999,-44.494,-121.762,-36.995,-34.725,-39.233000000000004,24.51,-62.202,1.9280000000000002,24.135,97.055,0.171,aflibercept_input_0006_0002
SCORE:,1592.5379999999998,-5.79,-1621.741,359.18300000000005,-452.82599999999996,3.31,53.571000000000005,2528.98,914.873,-49.422,-124.58200000000001,-37.458,-33.554,-32.824,22.349,-57.107,13.5,14.710999999999999,97.055,0.309,aflibercept_input_0007_0001
SCORE:,995.405,-5.946000000000001,-1592.231,364.95300000000003,-448.36,3.44,55.05,1877.67,912.804,-47.975,-123.663,-36.713,-31.872,-34.395,20.365,-60.244,25.56,19.747,97.055,0.161,aflibercept_input_0006_0001
SCORE:,1102.654,-5.562,-1591.539,366.281,-443.504,3.405,54.525,2027.586,903.3960000000001,-52.14,-122.189,-36.549,-31.362,-34.596,20.699,-62.808,1.629,7.985,97.055,0.341,aflibercept_input_0005_0003
SCORE:,906.422,-5.772,-1609.338,369.288,-466.199,3.32,54.663999999999994,1843.0710000000001,923.0369999999999,-51.11,-123.124,-41.623000000000005,-33.539,-32.881,25.755,-59.67,1.705,11.460999999999999,97.055,0.322,aflibercept_input_0007_0002
SCORE:,1722.8020000000001,-5.492000000000001,-1575.5870000000002,359.119,-443.592,3.31,53.431000000000004,2644.954,887.7189999999999,-50.553000000000004,-124.15899999999999,-36.878,-34.235,-37.263000000000005,23.253,-57.81,2.189,16.993,97.055,0.34600000000000003,aflibercept_input_0008_0003
SCORE:,1758.5610000000001,-5.492000000000001,-1599.275,371.80400000000003,-456.48699999999997,3.388,53.781000000000006,2580.624,908.655,-53.13399999999999,-123.928,-37.485,-33.429,-32.961,26.999000000000002,-50.375,79.43,29.046,97.055,0.34600000000000003,aflibercept_input_0008_0002
SCORE:,1450.274,-5.711,-1601.81,373.80800000000005,-445.44800000000004,3.467,54.097,2333.935,922.3689999999999,-47.168,-122.27,-37.05,-33.813,-33.56,21.453000000000003,-58.201,2.006,26.979,97.055,0.136,aflibercept_input_0007_0003
SCORE:,2458.815,-5.946000000000001,-1611.25,367.082,-439.684,3.373,53.964,3357.522,905.8560000000001,-47.048,-122.113,-38.1,-32.625,-38.353,24.816999999999997,-49.838,1.4769999999999999,32.464,97.055,0.161,aflibercept_input_0008_0001
SCORE:,555.509,-5.562,-1596.371,358.277,-459.653,3.3280000000000003,53.788999999999994,1503.648,906.554,-51.34,-124.463,-36.368,-32.367,-34.412,22.359,-61.566,1.8530000000000002,10.405,97.055,0.341,aflibercept_input_0009_0001
SCORE:,2169.469,-5.715,-1613.994,373.093,-451.746,3.3510000000000004,53.972,3080.877,908.2610000000001,-46.673,-121.762,-37.244,-36.159,-34.881,24.28,-57.803000000000004,1.911,32.474000000000004,97.055,0.171,aflibercept_input_0010_0001
SCORE:,1060.281,-5.603,-1602.066,372.046,-453.083,3.319,53.205,1979.5839999999998,922.306,-50.49,-126.04299999999999,-46.229,-32.661,-31.818,22.066,-56.193000000000005,1.867,12.716,97.055,0.305,aflibercept_input_0009_0002
SCORE:,759.738,-5.525,-1577.476,375.32099999999997,-436.592,3.5380000000000003,53.648999999999994,1641.9679999999998,901.3660000000001,-48.778999999999996,-123.34100000000001,-34.798,-33.578,-37.066,20.308,-56.74,1.421,18.813,97.055,0.19399999999999998,aflibercept_input_0010_0002
SCORE:,1844.039,-5.785,-1598.424,369.93300000000005,-443.406,3.4,53.28,2751.2209999999995,912.421,-47.038000000000004,-122.94200000000001,-32.573,-34.365,-36.155,19.772000000000002,-61.798,1.6980000000000002,17.589000000000002,97.055,0.156,aflibercept_input_0011_0003
SCORE:,1250.31,-5.946000000000001,-1595.715,369.879,-447.05800000000005,3.3,53.855,2116.6220000000003,912.375,-45.821999999999996,-123.709,-36.75,-32.696,-33.788000000000004,27.211,-62.986000000000004,30.484,23.837,97.055,0.161,aflibercept_input_0010_0003
SCORE:,1306.8210000000001,-5.772,-1612.0710000000001,363.75,-463.288,3.4789999999999996,55.398,2226.4429999999998,929.291,-48.071000000000005,-125.31700000000001,-42.125,-33.0,-30.235,23.857,-57.88399999999999,1.703,23.284000000000002,97.055,0.322,aflibercept_input_0011_0002
SCORE:,1185.194,-5.562,-1588.4979999999998,377.925,-452.11,3.8310000000000004,54.178000000000004,2091.098,903.118,-50.278,-124.596,-36.657,-33.78,-35.089,22.529,-62.5,4.032,20.158,97.055,0.341,aflibercept_input_0011_0001
SCORE:,1185.702,-5.603,-1628.0710000000001,367.879,-461.06800000000004,3.28,53.78,2106.815,938.5889999999999,-50.531000000000006,-126.191,-42.49100000000001,-32.52,-31.149,23.772,-56.64,4.0680000000000005,24.425,97.055,0.305,aflibercept_input_0009_0003
SCORE:,1417.154,-5.615,-1609.509,365.875,-439.81300000000005,3.3539999999999996,53.781000000000006,2320.241,914.1039999999999,-51.535,-123.101,-37.673,-33.895,-35.691,22.303,-58.103,11.949000000000002,23.128,97.055,0.3,aflibercept_input_0012_0003
SCORE:,1943.8370000000002,-5.79,-1631.184,368.936,-452.07199999999995,3.3310000000000004,53.055,2875.448,916.368,-48.29,-124.978,-36.485,-36.384,-33.541,24.044,-57.98,1.527,30.469,97.055,0.309,aflibercept_input_0012_0001
SCORE:,1706.1570000000002,-5.615,-1590.32,368.72900000000004,-445.541,3.3569999999999998,53.676,2628.6220000000003,901.341,-50.416000000000004,-123.101,-37.603,-33.338,-35.955999999999996,19.984,-59.555,1.493,13.045,97.055,0.3,aflibercept_input_0012_0002
SCORE:,2201.712,-5.864,-1589.517,356.606,-453.144,3.326,53.126000000000005,3122.946,910.492,-51.312,-122.068,-38.979,-33.042,-33.321999999999996,24.076,-59.067,2.747,17.346,97.055,0.31,aflibercept_input_0013_0002
SCORE:,1090.738,-5.57,-1622.401,368.625,-447.149,3.4160000000000004,54.839,1992.263,926.3939999999999,-47.528,-125.411,-34.016999999999996,-34.097,-34.681999999999995,26.241,-57.81399999999999,2.339,27.935,97.055,0.298,aflibercept_input_0013_0001
SCORE:,7.544,-5.494,-1596.1979999999999,363.81800000000004,-466.92800000000005,3.51,54.243,957.584,906.2739999999999,-53.403,-123.536,-36.887,-33.571999999999996,-30.816,25.947,-63.558,1.4080000000000001,7.739,97.055,0.358,aflibercept_input_0014_0001
SCORE:,1538.391,-5.715,-1623.54,370.225,-450.292,3.305,54.559,2459.909,918.867,-48.553000000000004,-122.191,-36.676,-33.193000000000005,-31.77,25.141,-57.401,3.489,15.001,97.055,0.171,aflibercept_input_0013_0003
SCORE:,1111.25,-5.494,-1582.239,367.926,-451.30199999999996,3.298,54.085,2028.2179999999998,897.827,-51.92,-122.296,-36.223,-34.041,-35.937,22.53,-57.54,2.041,14.904000000000002,97.055,0.358,aflibercept_input_0014_0002
SCORE:,336.351,-5.494,-1594.108,362.974,-447.298,3.392,55.126999999999995,1246.002,910.8839999999999,-51.082,-122.296,-36.374,-34.902,-33.976,24.365,-58.67100000000001,2.37,18.026,97.055,0.358,aflibercept_input_0014_0003
SCORE:,835.675,-5.775,-1583.239,364.089,-448.53,3.338,54.221000000000004,1756.025,892.828,-50.825,-124.79799999999999,-35.689,-31.39,-32.287,24.566999999999997,-61.57899999999999,2.214,15.183,97.055,0.268,aflibercept_input_0015_0002
SCORE:,1146.04,-5.775,-1585.205,361.139,-448.45300000000003,3.26,52.215,2084.129,899.842,-51.913000000000004,-125.086,-36.089,-32.957,-34.888000000000005,24.607,-64.661,2.596,5.96,97.055,0.268,aflibercept_input_0015_0003
SCORE:,2223.3089999999997,-5.671,-1622.9520000000002,366.309,-470.856,3.353,53.062,3156.95,920.074,-47.574,-125.427,-39.751999999999995,-30.728,-35.427,26.201,-53.494,7.027,25.03,97.055,0.131,aflibercept_input_0016_0002
SCORE:,1139.557,-5.671,-1589.4189999999999,363.811,-440.495,3.295,53.29,2057.766,899.7389999999999,-45.617,-124.545,-41.062,-34.516,-34.716,24.273000000000003,-59.244,1.556,13.927,97.055,0.131,aflibercept_input_0016_0003
SCORE:,979.813,-5.671,-1620.49,361.399,-447.29400000000004,3.3360000000000003,54.443000000000005,1908.604,925.416,-45.037,-124.501,-41.218,-33.333,-35.211,23.143,-58.406000000000006,1.919,15.527999999999999,97.055,0.131,aflibercept_input_0016_0001
SCORE:,1636.0279999999998,-5.775,-1586.746,362.024,-438.62,3.295,52.466,2542.779,903.1080000000001,-50.876000000000005,-123.916,-36.041,-31.750999999999998,-32.063,22.914,-62.8,1.7269999999999999,18.98,97.055,0.268,aflibercept_input_0015_0001
SCORE:,1629.264,-5.603,-1614.604,379.94599999999997,-440.459,3.47,56.313,2489.755,933.6510000000001,-49.928000000000004,-124.73100000000001,-42.486999999999995,-32.165,-31.364,28.563000000000002,-54.739,3.154,33.133,97.055,0.305,aflibercept_input_0017_0002
SCORE:,837.18,-5.761,-1581.895,365.93699999999995,-445.015,3.279,53.172,1731.011,902.138,-49.315,-122.902,-42.576,-32.356,-34.758,21.186,-56.647,21.671999999999997,12.834000000000001,97.055,0.122,aflibercept_input_0018_0001
SCORE:,1497.402,-5.702999999999999,-1594.733,367.69,-457.57800000000003,3.39,53.68899999999999,2409.986,911.549,-49.04600000000001,-123.057,-35.708,-36.775,-36.397,21.781,-53.751000000000005,3.895,20.752,97.055,0.36200000000000004,aflibercept_input_0017_0001
SCORE:,1140.122,-5.702999999999999,-1593.2089999999998,372.24199999999996,-466.101,3.404,53.428000000000004,2069.9539999999997,907.3969999999999,-52.215,-122.863,-35.708,-34.259,-33.334,19.99,-56.817,2.1959999999999997,14.302,97.055,0.36200000000000004,aflibercept_input_0017_0003
SCORE:,1112.524,-5.761,-1592.851,365.642,-454.249,3.355,53.733999999999995,2037.8,911.8560000000001,-47.961000000000006,-123.825,-43.177,-32.295,-34.833,23.000999999999998,-58.952,2.116,11.748,97.055,0.122,aflibercept_input_0018_0002
SCORE:,850.71,-5.494,-1588.908,366.885,-446.12,3.375,54.784,1772.509,889.382,-49.717,-122.296,-37.385,-31.81,-36.366,25.363000000000003,-61.308,1.736,18.668,97.055,0.358,aflibercept_input_0018_0003
SCORE:,709.0269999999999,-5.752000000000001,-1591.9160000000002,370.786,-453.949,3.342,54.513999999999996,1634.335,901.02,-43.903999999999996,-125.905,-40.705,-33.589,-35.266999999999996,24.796,-61.143,2.012,13.105,97.055,0.19,aflibercept_input_0019_0002
SCORE:,1163.891,-5.671,-1597.135,359.18800000000005,-444.356,3.293,53.364,2082.801,899.322,-45.265,-124.51100000000001,-40.37,-31.730999999999998,-33.078,24.178,-61.497,3.302,24.872,97.055,0.131,aflibercept_input_0020_0001
SCORE:,1979.35,-5.752000000000001,-1597.88,360.76599999999996,-452.515,3.279,54.43,2896.048,910.926,-43.301,-123.84,-44.088,-32.797,-34.378,24.77,-57.617,2.9560000000000004,21.096999999999998,97.055,0.19,aflibercept_input_0019_0003
SCORE:,1007.575,-5.558,-1602.161,370.685,-451.996,3.3169999999999997,53.853,1929.726,907.046,-47.075,-124.531,-35.883,-33.274,-35.884,25.668000000000003,-58.753,2.251,12.942,97.055,0.146,aflibercept_input_0020_0003
SCORE:,-205.695,-5.752000000000001,-1604.08,357.64,-465.71,3.262,53.118,740.0039999999999,912.5189999999999,-46.126000000000005,-125.414,-40.465,-35.571,-31.39,23.961,-57.793,2.424,16.432000000000002,97.055,0.19,aflibercept_input_0019_0001
SCORE:,1400.26,-5.558,-1580.92,368.635,-452.314,3.2969999999999997,53.211000000000006,2312.167,901.033,-47.703,-123.906,-38.703,-32.631,-34.760999999999996,22.84,-62.835,4.477,16.729,97.055,0.146,aflibercept_input_0020_0002
SCORE:,1823.3470000000002,-5.603,-1599.639,364.94300000000004,-455.191,3.324,54.246,2707.684,920.1160000000001,-48.951,-125.265,-42.486999999999995,-34.55,-30.846999999999998,22.964000000000002,-48.043,2.137,41.148999999999994,97.055,0.305,aflibercept_input_0021_0001
SCORE:,1691.497,-5.672000000000001,-1623.9260000000002,357.625,-448.91900000000004,3.344,53.516000000000005,2629.968,923.01,-48.221000000000004,-123.521,-33.466,-34.684,-34.077,24.357,-61.275,1.7819999999999998,14.462,97.055,0.139,aflibercept_input_0021_0003
SCORE:,810.165,-5.672000000000001,-1607.726,369.67199999999997,-464.69300000000004,3.3369999999999997,53.183,1739.619,915.841,-49.778,-125.62100000000001,-32.725,-34.056,-33.633,26.438000000000002,-58.358000000000004,7.2170000000000005,9.926,97.055,0.139,aflibercept_input_0021_0002
SCORE:,312.699,-5.71,-1589.22,363.05300000000005,-453.03,3.285,53.093,1048.621,893.3960000000001,-49.945,-125.439,-38.57,-32.203,-33.265,22.965999999999998,-53.176,187.615,23.866,97.055,0.307,aflibercept_input_0022_0001
SCORE:,286.816,-5.71,-1594.6529999999998,374.12800000000004,-449.45099999999996,3.285,52.663999999999994,1205.285,895.314,-52.391000000000005,-125.685,-38.799,-30.825,-32.876999999999995,27.468000000000004,-60.063,2.358,19.407,97.055,0.307,aflibercept_input_0022_0002
SCORE:,1353.884,-5.57,-1593.489,360.80199999999996,-445.796,3.323,55.157,2167.865,899.61,-49.832,-123.17,-36.507,-32.126,-33.617,25.234,-51.233000000000004,85.223,30.658,97.055,0.29600000000000004,aflibercept_input_0023_0002
SCORE:,907.2130000000001,-5.57,-1587.297,367.236,-456.16,3.318,54.549,1841.642,900.2710000000001,-56.158,-122.09899999999999,-39.089,-34.766,-33.059,23.1,-61.656000000000006,6.297999999999999,9.301,97.055,0.29600000000000004,aflibercept_input_0023_0003
SCORE:,902.16,-5.761,-1587.094,368.62699999999995,-459.713,3.332,54.306999999999995,1826.526,898.8589999999999,-49.324,-124.514,-42.684,-30.87,-33.22,24.453000000000003,-57.751999999999995,2.04,17.771,97.055,0.122,aflibercept_input_0022_0003
SCORE:,255.641,-5.57,-1589.486,365.815,-459.949,3.304,53.985,1183.0910000000001,900.0039999999999,-53.744,-123.24600000000001,-35.596,-31.897,-33.421,25.807,-59.70399999999999,1.9480000000000002,16.948,97.055,0.29600000000000004,aflibercept_input_0023_0001
SCORE:,643.935,-5.766,-1603.8670000000002,372.418,-444.043,3.365,54.417,1508.95,915.8389999999999,-49.151,-125.704,-33.073,-35.468,-34.097,21.136,-53.62,13.574000000000002,41.659,97.055,0.312,aflibercept_input_0024_0002
SCORE:,402.417,-5.766,-1580.26,368.379,-442.719,3.343,53.306000000000004,1309.844,894.93,-51.21,-123.242,-33.666,-33.219,-36.438,18.387999999999998,-60.45399999999999,2.245,21.590999999999998,97.055,0.312,aflibercept_input_0024_0001
SCORE:,571.274,-5.766,-1603.6860000000001,372.778,-429.709,3.365,53.225,1441.767,914.08,-47.878,-123.931,-33.644,-34.861999999999995,-35.793,19.512999999999998,-55.563,6.183,33.83,97.055,0.312,aflibercept_input_0024_0003
SCORE:,923.3539999999999,-5.695,-1610.408,370.295,-433.209,3.4219999999999997,52.998000000000005,1822.9389999999999,909.067,-47.946000000000005,-123.833,-34.861999999999995,-35.813,-37.601,25.273000000000003,-55.872,1.827,25.565,97.055,0.152,aflibercept_input_0025_0001
SCORE:,423.986,-5.695,-1607.4189999999999,363.834,-445.717,3.295,51.615,1343.795,902.8860000000001,-54.291000000000004,-123.869,-34.515,-36.583,-37.694,28.994,-57.222,2.904,32.461,97.055,0.152,aflibercept_input_0025_0003
SCORE:,614.689,-5.695,-1591.1029999999998,356.065,-444.78,3.272,51.645,1537.964,898.587,-49.497,-125.56,-33.661,-37.256,-36.071999999999996,27.041999999999998,-57.461000000000006,2.991,21.003,97.055,0.152,aflibercept_input_0025_0002
SCORE:,1741.888,-5.711,-1604.743,369.336,-443.792,3.471,54.585,2647.5029999999997,909.505,-47.297,-122.27,-37.14,-34.016999999999996,-34.486999999999995,23.211,-57.105,1.646,22.002,97.055,0.136,aflibercept_input_0026_0003
SCORE:,461.154,-5.71,-1592.5639999999999,367.848,-434.913,3.339,53.833,1358.979,905.615,-48.641999999999996,-123.137,-37.868,-31.754,-34.76,23.324,-59.251000000000005,1.6869999999999998,17.766,97.055,0.307,aflibercept_input_0026_0001
SCORE:,949.948,-5.71,-1608.84,366.28,-449.755,3.2880000000000003,53.36600000000001,1851.933,920.505,-49.61600000000001,-125.93700000000001,-38.553000000000004,-32.61,-32.48,26.175,-56.738,1.6680000000000001,29.61,97.055,0.307,aflibercept_input_0026_0002
SCORE:,794.68,-5.718999999999999,-1620.0220000000002,378.50199999999995,-455.56800000000004,3.3339999999999996,54.313,1708.934,924.2810000000001,-48.86600000000001,-124.88799999999999,-40.41,-32.93,-34.847,26.874000000000002,-59.133,2.9010000000000002,20.584,97.055,0.285,aflibercept_input_0027_0001
SCORE:,911.39,-5.71,-1592.765,359.86300000000006,-453.402,3.321,53.653,1826.9289999999999,908.4119999999999,-50.218,-123.478,-38.147,-32.876999999999995,-35.446,23.585,-53.91,2.197,22.023000000000003,97.055,0.307,aflibercept_input_0027_0002
SCORE:,793.7810000000001,-5.766,-1594.825,368.001,-428.311,3.505,53.22,1702.6960000000001,901.7489999999999,-51.263999999999996,-124.118,-33.073,-33.48,-36.775999999999996,20.642,-60.626999999999995,1.295,13.548,97.055,0.312,aflibercept_input_0028_0001
SCORE:,830.3939999999999,-5.766,-1584.067,369.824,-433.13699999999994,3.342,53.568999999999996,1703.0510000000002,892.8530000000001,-47.345,-123.884,-34.164,-34.111999999999995,-37.102,22.111,-55.47,15.383,27.941999999999997,97.055,0.312,aflibercept_input_0028_0003
SCORE:,1537.07,-5.73,-1595.0929999999998,360.167,-448.7,3.41,53.176,2455.488,904.21,-50.413000000000004,-122.609,-39.854,-35.556,-33.51,26.750999999999998,-61.971000000000004,1.3030000000000002,28.682,97.055,0.264,aflibercept_input_0028_0002
SCORE:,778.828,-5.57,-1586.4260000000002,362.246,-455.964,3.33,54.924,1705.624,897.503,-50.773999999999994,-124.791,-35.596,-33.766999999999996,-34.474000000000004,24.28,-60.365,1.993,19.303,97.055,0.29600000000000004,aflibercept_input_0027_0003
SCORE:,662.424,-5.695,-1600.5739999999998,371.788,-429.82300000000004,3.267,51.419,1539.866,911.4119999999999,-47.031000000000006,-123.398,-33.118,-34.459,-37.088,23.594,-54.668,2.8169999999999997,26.91,97.055,0.152,aflibercept_input_0029_0003
SCORE:,1034.065,-5.474,-1598.7939999999999,369.05,-448.334,3.2939999999999996,53.31,1962.023,906.5,-54.242,-122.78399999999999,-38.330999999999996,-31.351999999999997,-31.058000000000003,20.564,-58.56,1.3559999999999999,9.491,97.055,0.353,aflibercept_input_0029_0001
SCORE:,652.067,-5.474,-1582.915,366.20099999999996,-455.704,3.298,52.551,1555.701,901.2310000000001,-53.716,-124.994,-39.01,-31.526999999999997,-30.761999999999997,20.685,-62.757,32.006,9.845,97.055,0.353,aflibercept_input_0029_0002
SCORE:,2197.114,-5.671,-1623.636,369.156,-431.235,3.3560000000000003,54.457,3115.8909999999996,918.975,-47.67,-123.87100000000001,-39.751999999999995,-31.785,-34.575,26.203000000000003,-61.951,1.357,10.677999999999999,97.055,0.131,aflibercept_input_0030_0001
SCORE:,904.7230000000001,-5.341,-1615.598,370.374,-443.10699999999997,3.358,54.854,1796.17,926.362,-46.43,-124.43299999999999,-39.031,-33.211999999999996,-29.674,23.405,-56.715,1.56,24.889,97.055,0.23399999999999999,aflibercept_input_0030_0003
SCORE:,957.2669999999999,-5.733,-1601.511,367.204,-465.673,3.338,53.012,1895.9660000000001,898.691,-52.926,-122.545,-36.943000000000005,-34.997,-36.719,23.973000000000003,-54.54600000000001,1.36,27.974,97.055,0.287,aflibercept_input_0031_0001
SCORE:,1470.348,-5.494,-1597.786,363.44300000000004,-445.01800000000003,3.326,54.98,2374.748,912.635,-52.281000000000006,-122.296,-35.971,-32.318000000000005,-33.54,25.105,-59.553999999999995,2.015,20.943,97.055,0.358,aflibercept_input_0031_0002
SCORE:,1192.855,-5.71,-1594.934,370.71,-434.538,3.3089999999999997,52.913999999999994,2090.121,898.635,-51.483999999999995,-124.48899999999999,-37.868,-31.754,-34.385999999999996,25.351999999999997,-58.637,2.622,25.631,97.055,0.307,aflibercept_input_0030_0002
SCORE:,1361.365,-5.766,-1611.4189999999999,377.274,-444.63199999999995,3.51,53.555,2233.938,918.1039999999999,-48.443999999999996,-122.82799999999999,-35.417,-34.139,-33.751999999999995,20.078,-51.451,2.648,42.739,97.055,0.312,aflibercept_input_0032_0001
SCORE:,999.335,-5.57,-1575.021,361.976,-454.97,3.313,54.098,1913.116,890.305,-52.855,-123.76,-36.283,-31.947,-32.304,22.941,-60.295,6.305,22.936,97.055,0.29600000000000004,aflibercept_input_0032_0003
SCORE:,881.819,-5.73,-1586.453,367.319,-442.75199999999995,3.39,53.715,1782.868,897.1310000000001,-50.922,-122.62899999999999,-42.528,-33.879,-32.592,21.9,-56.568000000000005,1.535,30.694000000000003,97.055,0.264,aflibercept_input_0031_0003
SCORE:,1515.86,-5.638999999999999,-1626.625,367.278,-441.81199999999995,3.42,53.614,2439.948,924.921,-45.336999999999996,-127.191,-34.082,-37.516,-33.881,23.416999999999998,-58.005,1.482,14.652999999999999,97.055,0.159,aflibercept_input_0032_0002
SCORE:,984.164,-5.695,-1592.751,366.375,-434.49,3.3110000000000004,52.553000000000004,1889.132,905.4069999999999,-51.167,-122.87100000000001,-35.211,-37.982,-37.561,23.698,-56.701,1.436,19.475,97.055,0.152,aflibercept_input_0033_0001
SCORE:,1083.276,-5.695,-1608.839,365.19,-446.412,3.2760000000000002,52.369,2013.75,904.93,-50.358999999999995,-123.619,-33.9,-36.243,-33.468,23.706,-57.248000000000005,2.477,16.155,97.055,0.152,aflibercept_input_0033_0002
SCORE:,766.957,-5.685,-1592.785,357.23,-452.215,3.29,53.196999999999996,1687.445,907.7310000000001,-48.823,-122.93700000000001,-36.04,-32.18,-36.039,23.406999999999996,-56.769,1.422,19.334,97.055,0.317,aflibercept_input_0034_0002
SCORE:,788.1419999999999,-5.695,-1609.8029999999999,363.29900000000004,-444.596,3.3569999999999998,52.849,1683.991,918.946,-48.958,-123.271,-34.466,-34.316,-33.806999999999995,27.174,-53.81100000000001,4.872,25.171,97.055,0.152,aflibercept_input_0033_0003
SCORE:,1018.67,-5.685,-1587.355,361.67199999999997,-445.04,3.303,53.998999999999995,1904.533,912.823,-51.253,-122.93700000000001,-36.071999999999996,-31.651999999999997,-34.607,24.353,-56.00899999999999,2.5180000000000002,28.706,97.055,0.317,aflibercept_input_0034_0001
SCORE:,371.561,-5.837999999999999,-1571.983,367.82599999999996,-453.666,3.323,55.324,1278.2069999999999,879.538,-49.083999999999996,-123.96799999999999,-34.35,-33.974000000000004,-38.711999999999996,21.835,-56.631,1.396,35.078,97.055,0.185,aflibercept_input_0035_0001
SCORE:,1049.815,-5.733,-1580.993,370.256,-447.092,3.324,53.815,1941.293,904.679,-50.155,-122.545,-36.260999999999996,-31.93,-37.654,24.351999999999997,-60.933,1.838,26.213,97.055,0.287,aflibercept_input_0034_0003
SCORE:,1476.6770000000001,-5.558,-1591.9229999999998,360.528,-433.514,3.279,52.473,2367.4570000000003,902.1419999999999,-45.24,-123.738,-37.064,-31.848000000000003,-36.356,23.861,-63.184,27.873,10.289000000000001,97.055,0.146,aflibercept_input_0035_0003
SCORE:,1448.6889999999999,-5.71,-1601.816,361.755,-446.52,3.2880000000000003,53.136,2350.238,904.2460000000001,-52.583999999999996,-125.014,-39.181999999999995,-32.454,-35.152,23.739,-58.008,20.192999999999998,31.173000000000002,97.055,0.307,aflibercept_input_0035_0002
SCORE:,1033.0710000000001,-5.57,-1584.3310000000001,373.273,-454.722,3.3510000000000004,53.84,1959.068,893.52,-51.397,-124.79799999999999,-35.596,-31.855,-35.444,22.918000000000003,-62.141999999999996,2.884,12.72,97.055,0.29600000000000004,aflibercept_input_0036_0001
SCORE:,1852.18,-5.766,-1590.675,371.394,-448.875,3.3160000000000003,53.005,2753.51,908.0930000000001,-50.806000000000004,-123.564,-33.302,-34.247,-37.711999999999996,21.746,-58.065,1.751,25.011,97.055,0.312,aflibercept_input_0036_0003
SCORE:,1002.7230000000001,-5.733,-1582.2839999999999,369.897,-457.616,3.313,52.463,1934.005,895.748,-51.849,-124.855,-38.394,-32.906,-35.769,24.804000000000002,-59.531000000000006,2.574,11.515,97.055,0.287,aflibercept_input_0036_0002
SCORE:,348.50300000000004,-5.921,-1595.636,370.06199999999995,-438.89,3.432,55.023999999999994,1231.829,910.816,-52.001000000000005,-122.709,-37.766,-34.365,-34.278,25.491,-55.917,2.213,29.756,97.055,0.308,aflibercept_input_0037_0001
SCORE:,1117.66,-5.474,-1600.102,361.499,-448.704,3.2960000000000003,53.667,2040.05,902.033,-51.806000000000004,-124.164,-39.616,-33.97,-33.191,23.148000000000003,-62.588,22.17,14.008,97.055,0.353,aflibercept_input_0038_0001
SCORE:,1237.674,-5.474,-1604.967,370.212,-455.13300000000004,3.301,53.163000000000004,2166.7039999999997,914.172,-52.82899999999999,-122.904,-38.330999999999996,-34.796,-31.47,24.015,-59.648999999999994,1.492,12.76,97.055,0.353,aflibercept_input_0037_0002
SCORE:,-259.062,-5.5920000000000005,-1584.342,371.259,-454.76599999999996,3.3739999999999997,52.971000000000004,670.96,887.67,-53.813,-126.165,-36.482,-32.778,-35.086,25.993000000000002,-58.988,1.349,18.012,97.055,0.308,aflibercept_input_0039_0001
SCORE:,1327.918,-5.341,-1599.359,369.366,-460.327,3.3789999999999996,53.388999999999996,2252.404,914.966,-46.5,-125.538,-39.029,-35.98,-32.62,23.212,-58.886,1.73,15.762,97.055,0.23399999999999999,aflibercept_input_0037_0003
SCORE:,1035.813,-5.851,-1601.829,365.546,-445.80400000000003,3.333,53.647,1955.991,915.7310000000001,-50.812,-123.26700000000001,-37.525999999999996,-34.617,-35.625,23.429000000000002,-61.771,1.9140000000000001,15.985,97.055,0.285,aflibercept_input_0038_0002
SCORE:,711.304,-5.851,-1602.8120000000001,367.30800000000005,-461.796,3.315,54.975,1636.3010000000002,922.529,-49.376999999999995,-123.26700000000001,-40.263000000000005,-31.578000000000003,-34.629,23.377,-60.324,1.876,14.182,97.055,0.285,aflibercept_input_0038_0003
SCORE:,486.416,-5.5920000000000005,-1588.866,384.764,-450.579,3.3569999999999998,53.226000000000006,1393.4270000000001,899.681,-51.882,-124.82700000000001,-37.207,-33.302,-34.342,21.561,-56.292,1.288,14.638,97.055,0.308,aflibercept_input_0039_0003
SCORE:,1311.889,-5.5920000000000005,-1612.0339999999999,371.87800000000004,-438.904,3.333,52.597,2217.094,916.153,-49.008,-126.5,-36.806999999999995,-33.576,-34.442,21.916999999999998,-59.016999999999996,1.4269999999999998,26.008000000000003,97.055,0.308,aflibercept_input_0039_0002
SCORE:,1988.0810000000001,-5.558,-1601.265,360.17,-441.69,3.285,53.077,2898.881,908.948,-46.843999999999994,-125.529,-35.525,-33.349000000000004,-34.731,23.688000000000002,-55.778999999999996,1.895,21.206999999999997,97.055,0.146,aflibercept_input_0040_0002
SCORE:,1105.076,-5.718999999999999,-1592.774,370.981,-447.83099999999996,3.3280000000000003,54.24100000000001,1883.243,899.702,-50.224,-123.995,-40.951,-32.009,-33.141999999999996,23.113000000000003,-64.09899999999999,141.144,22.728,97.055,0.285,aflibercept_input_0040_0001
SCORE:,455.89599999999996,-5.506,-1600.356,370.848,-448.19800000000004,3.362,52.536,1382.525,896.6139999999999,-47.269,-126.105,-37.4,-32.869,-35.148,23.434,-61.417,6.944,16.559,97.055,0.28600000000000003,aflibercept_input_0040_0003
SCORE:,1133.8239999999998,-5.7620000000000005,-1597.269,365.70599999999996,-441.18300000000005,3.3510000000000004,54.571000000000005,2044.8329999999999,914.552,-49.95,-121.884,-36.61,-33.727,-36.941,22.374000000000002,-60.343999999999994,2.9610000000000003,11.735999999999999,97.055,0.354,aflibercept_input_0041_0001
SCORE:,1118.531,-5.761,-1593.5770000000002,368.537,-452.74,3.327,53.898999999999994,2055.5460000000003,907.831,-48.398,-125.662,-42.988,-31.145,-34.124,22.41,-63.226000000000006,1.781,5.644,97.055,0.122,aflibercept_input_0041_0002
SCORE:,1069.546,-5.63,-1597.506,359.52,-450.504,3.2689999999999997,53.332,1993.711,900.373,-48.431000000000004,-123.575,-40.311,-31.84,-33.25,26.037,-55.678000000000004,4.215,18.607,97.055,0.154,aflibercept_input_0041_0003
SCORE:,827.951,-5.853,-1588.1170000000002,380.4,-440.96,3.3710000000000004,53.505,1698.731,913.581,-51.38,-122.04299999999999,-40.946,-31.826999999999998,-31.954,24.526999999999997,-54.053999999999995,1.676,21.962,97.055,0.27899999999999997,aflibercept_input_0042_0001
SCORE:,275.087,-5.853,-1584.49,361.958,-453.537,3.307,53.078,1177.29,911.14,-49.766999999999996,-122.45,-41.238,-31.857,-29.226,25.706,-58.338,1.9080000000000001,20.124000000000002,97.055,0.27899999999999997,aflibercept_input_0042_0002
SCORE:,820.454,-5.837999999999999,-1612.0770000000002,363.375,-447.973,3.4960000000000004,54.306000000000004,1751.74,906.972,-49.169,-126.463,-36.961,-34.195,-33.936,21.144000000000002,-55.934,2.897,21.83,97.055,0.185,aflibercept_input_0043_0001
SCORE:,583.742,-5.853,-1578.49,371.27,-462.233,3.3169999999999997,55.556999999999995,1490.953,903.332,-50.971000000000004,-122.82799999999999,-41.356,-32.33,-31.245,23.688000000000002,-57.84,2.7569999999999997,18.682000000000002,97.055,0.27899999999999997,aflibercept_input_0042_0003
SCORE:,1084.076,-5.5920000000000005,-1568.8970000000002,376.971,-447.01300000000003,3.353,53.95,1980.651,895.388,-53.754,-123.876,-36.482,-32.37,-34.769,21.381,-58.739,1.2770000000000001,15.237,97.055,0.308,aflibercept_input_0043_0002
SCORE:,1368.759,-5.5920000000000005,-1604.905,371.409,-451.171,3.452,52.218999999999994,2303.219,908.817,-51.407,-125.865,-36.482,-32.523,-36.754,25.83,-60.244,1.4240000000000002,9.972000000000001,97.055,0.308,aflibercept_input_0043_0003
SCORE:,535.002,-5.404,-1589.586,368.7,-459.733,3.486,52.905,1437.5870000000002,907.082,-51.736000000000004,-122.339,-41.413999999999994,-32.817,-32.455,26.805,-53.181999999999995,1.528,28.313000000000002,97.055,0.20600000000000002,aflibercept_input_0044_0001
SCORE:,873.2539999999999,-5.404,-1619.6760000000002,362.537,-456.217,3.342,54.706,1805.899,922.209,-52.413999999999994,-127.458,-41.626000000000005,-31.338,-31.755,29.971999999999998,-55.792,5.412999999999999,13.597000000000001,97.055,0.20600000000000002,aflibercept_input_0044_0003
SCORE:,394.219,-5.404,-1578.1770000000001,361.561,-454.17199999999997,3.384,53.818999999999996,1200.996,906.0039999999999,-49.79,-122.339,-42.31100000000001,-32.896,-33.786,24.304000000000002,-51.998999999999995,96.419,21.345,97.055,0.20600000000000002,aflibercept_input_0044_0002
SCORE:,1345.146,-5.695,-1599.115,365.67699999999996,-452.45,3.299,51.635,2286.445,904.427,-51.305,-124.59299999999999,-35.772,-36.258,-38.063,26.596,-59.9,1.4369999999999998,11.574000000000002,97.055,0.152,aflibercept_input_0045_0001
SCORE:,621.871,-5.775,-1587.4170000000001,365.515,-449.24699999999996,3.3360000000000003,54.202,1534.984,908.954,-50.799,-122.973,-42.036,-31.281,-31.519000000000002,27.531999999999996,-62.576,3.042,10.583,97.055,0.29,aflibercept_input_0045_0002
SCORE:,1416.4289999999999,-5.494,-1601.707,366.911,-440.324,3.326,54.647,2295.696,914.613,-53.602,-122.296,-36.336,-32.306,-33.696999999999996,26.029,-53.792,6.678999999999999,30.669,97.055,0.358,aflibercept_input_0046_0002
SCORE:,1263.9489999999998,-5.921,-1607.49,378.39300000000003,-458.92900000000003,3.323,53.593,2117.23,913.997,-53.879,-125.52600000000001,-39.037,-33.524,-32.735,26.386999999999997,-57.824,62.865,25.663,97.055,0.308,aflibercept_input_0045_0003
SCORE:,734.563,-5.779,-1599.951,363.904,-461.64300000000003,3.319,53.449,1617.8010000000002,906.845,-50.36600000000001,-125.50200000000001,-34.74,-33.346,-32.494,22.276,-55.813,47.982,21.267,97.055,0.298,aflibercept_input_0046_0003
SCORE:,1110.775,-5.718999999999999,-1606.4579999999999,372.731,-463.264,3.305,53.843,2034.348,915.13,-50.886,-123.854,-40.723,-31.662,-32.749,26.379,-58.976000000000006,1.8019999999999998,20.191,97.055,0.285,aflibercept_input_0046_0001
SCORE:,855.2769999999999,-5.853,-1568.954,358.1,-456.99699999999996,3.3,52.43899999999999,1772.635,895.334,-54.7,-122.61,-42.146,-32.393,-30.611,24.884,-58.155,1.6369999999999998,22.034000000000002,97.055,0.27899999999999997,aflibercept_input_0047_0001
SCORE:,1028.096,-5.681,-1585.244,362.19300000000004,-442.716,3.31,52.797,1934.33,895.247,-48.056999999999995,-122.476,-37.793,-34.421,-35.725,22.956,-59.085,13.607000000000001,17.660999999999998,97.055,0.138,aflibercept_input_0047_0003
SCORE:,1138.532,-5.702999999999999,-1591.4720000000002,357.245,-453.649,3.29,53.351000000000006,2063.2070000000003,902.71,-49.466,-123.81,-41.948,-33.254,-34.766,26.037,-59.199,12.04,16.542,97.055,0.322,aflibercept_input_0047_0002
SCORE:,5.943,-5.651,-1611.003,365.11,-439.35400000000004,3.465,54.446000000000005,829.541,920.758,-50.258,-122.98200000000001,-37.81,-31.955,-35.058,23.755,-54.299,74.875,25.0,97.055,0.307,aflibercept_input_0048_0001
SCORE:,1018.337,-5.73,-1589.1029999999998,365.036,-448.778,3.432,54.012,1917.641,904.966,-52.488,-122.014,-39.854,-32.035,-31.685,24.160999999999998,-57.55,1.357,29.649,97.055,0.264,aflibercept_input_0048_0002
SCORE:,891.533,-5.651,-1590.72,363.14599999999996,-451.48800000000006,3.39,54.211000000000006,1773.457,918.6410000000001,-50.782,-123.39399999999999,-38.797,-31.088,-35.775,26.191999999999997,-54.468,7.276,30.022,97.055,0.307,aflibercept_input_0048_0003
SCORE:,1452.9270000000001,-5.921,-1604.547,365.945,-450.31199999999995,3.4589999999999996,53.327,2362.672,917.309,-51.498999999999995,-123.509,-37.766,-33.832,-33.218,26.01,-56.88399999999999,1.7409999999999999,22.589000000000002,97.055,0.308,aflibercept_input_0049_0001
SCORE:,1102.393,-5.775,-1581.943,364.87300000000005,-453.94699999999995,3.36,55.945,2018.405,904.4960000000001,-52.431000000000004,-122.35799999999999,-42.715,-32.829,-35.566,25.737,-59.233999999999995,1.597,17.434,97.055,0.29,aflibercept_input_0049_0002
SCORE:,1299.029,-5.733,-1603.0079999999998,371.524,-454.39300000000003,3.3539999999999996,52.751999999999995,2226.674,911.6080000000001,-50.698,-122.545,-38.57,-35.524,-36.367,21.659000000000002,-56.317,1.464,15.807,97.055,0.287,aflibercept_input_0050_0003
SCORE:,1243.014,-5.66,-1583.622,362.02099999999996,-454.634,3.2939999999999996,54.352,2152.814,902.1110000000001,-50.878,-124.90799999999999,-38.812,-32.158,-31.462,23.094,-59.236000000000004,1.412,28.094,97.055,0.138,aflibercept_input_0049_0003
SCORE:,1330.454,-5.775,-1594.3129999999999,362.32800000000003,-445.21,3.3289999999999997,53.803000000000004,2240.435,912.676,-49.318000000000005,-122.35799999999999,-41.12,-32.533,-35.954,27.303,-57.876000000000005,1.925,15.769,97.055,0.29,aflibercept_input_0050_0001
SCORE:,1106.937,-5.585,-1589.908,361.43,-444.04400000000004,3.404,53.501000000000005,2014.495,898.188,-45.22,-123.792,-38.065,-34.306,-35.702,26.049,-55.082,3.016,21.36,97.055,0.142,aflibercept_input_0051_0001
SCORE:,936.7180000000001,-5.837999999999999,-1604.2160000000001,377.704,-462.86699999999996,3.346,54.008,1844.2179999999998,908.7819999999999,-47.604,-124.402,-34.72,-34.515,-35.472,18.62,-57.732,2.362,37.803000000000004,97.055,0.185,aflibercept_input_0050_0002
SCORE:,1566.912,-5.638999999999999,-1606.8120000000001,375.625,-462.769,3.472,52.065,2479.52,909.197,-48.641999999999996,-126.713,-35.916,-33.672,-31.19,25.11,-55.485,19.268,12.277999999999999,97.055,0.159,aflibercept_input_0051_0002
SCORE:,714.98,-5.585,-1576.6960000000001,367.561,-445.75800000000004,3.359,54.38,1605.293,897.6110000000001,-46.456,-124.03,-38.668,-32.982,-35.455999999999996,22.693,-58.468999999999994,2.7460000000000004,28.238000000000003,97.055,0.142,aflibercept_input_0051_0003
SCORE:,1328.7879999999998,-5.792000000000001,-1614.7879999999998,360.028,-452.51300000000003,3.365,53.188,2243.433,924.783,-44.67,-124.37299999999999,-39.374,-33.844,-33.702,26.842,-55.485,6.246,18.24,97.055,0.151,aflibercept_input_0052_0001
SCORE:,1056.487,-5.506,-1620.535,370.95300000000003,-454.134,3.3569999999999998,51.96,1984.1129999999998,915.067,-48.364,-125.883,-37.4,-33.247,-35.918,25.695999999999998,-56.318999999999996,2.509,22.798000000000002,97.055,0.28600000000000003,aflibercept_input_0052_0002
SCORE:,579.685,-5.792000000000001,-1605.135,366.026,-450.784,3.383,54.253,1440.339,924.748,-43.82,-124.779,-37.283,-33.36,-34.308,22.788,-50.582,2.713,54.073,97.055,0.151,aflibercept_input_0052_0003
SCORE:,1542.7720000000002,-5.695,-1609.1029999999998,363.089,-442.93,3.44,51.887,2453.612,915.704,-47.931999999999995,-124.969,-33.082,-35.802,-38.673,24.384,-56.401,1.921,26.116,97.055,0.152,aflibercept_input_0053_0001
SCORE:,412.531,-5.292999999999999,-1579.4779999999998,371.89,-448.69599999999997,3.395,51.823,1311.224,901.066,-47.131,-124.085,-39.797,-33.656,-29.443,23.265,-55.67100000000001,1.76,13.998,97.055,0.303,aflibercept_input_0053_0002
SCORE:,1315.2679999999998,-5.66,-1592.7620000000002,360.108,-456.26599999999996,3.286,54.038999999999994,2247.516,910.368,-49.667,-122.345,-38.812,-30.834,-33.147,21.423000000000002,-60.849,1.329,10.35,97.055,0.138,aflibercept_input_0054_0001
SCORE:,976.7460000000001,-5.292999999999999,-1580.125,373.061,-458.781,3.34,53.582,1867.605,904.678,-48.67100000000001,-123.88,-39.873000000000005,-33.823,-31.079,23.796999999999997,-56.453,1.755,29.546999999999997,97.055,0.303,aflibercept_input_0053_0003
SCORE:,1343.2479999999998,-5.695,-1602.235,361.37300000000005,-449.73400000000004,3.292,51.833999999999996,2269.3,901.284,-49.358999999999995,-123.774,-34.260999999999996,-36.747,-35.598,28.199,-56.496,1.6,23.06,97.055,0.152,aflibercept_input_0054_0002
SCORE:,1294.714,-5.585,-1573.555,359.291,-435.921,3.3169999999999997,53.938,2206.7470000000003,888.658,-46.96,-122.86200000000001,-38.725,-32.367,-36.786,22.67,-57.42,1.849,11.229000000000001,97.055,0.142,aflibercept_input_0054_0003
SCORE:,707.3739999999999,-5.685,-1600.672,357.72,-448.968,3.278,52.81,1604.8370000000002,908.6360000000001,-49.376999999999995,-124.541,-43.979,-32.584,-34.13,23.92,-54.465,27.851,25.381,97.055,0.285,aflibercept_input_0055_0001
SCORE:,1610.969,-5.638999999999999,-1611.605,361.214,-434.06800000000004,3.3080000000000003,53.175,2509.817,916.9860000000001,-45.32,-124.95200000000001,-36.643,-34.662,-34.452,26.404,-54.293,1.9240000000000002,22.563000000000002,97.055,0.159,aflibercept_input_0055_0002
SCORE:,1297.7160000000001,-5.681,-1587.855,358.579,-455.582,3.2880000000000003,52.475,2208.882,900.6519999999999,-49.403999999999996,-124.70700000000001,-37.783,-32.708,-32.973,24.739,-55.541000000000004,1.992,32.149,97.055,0.138,aflibercept_input_0055_0003
SCORE:,1135.035,-5.487,-1614.808,364.856,-458.661,3.373,54.018,2089.643,915.564,-55.101000000000006,-126.22399999999999,-31.488000000000003,-33.728,-35.586,18.833,-59.943999999999996,1.6640000000000001,10.709000000000001,97.055,0.349,aflibercept_input_0056_0001
SCORE:,988.429,-5.487,-1594.6870000000001,372.129,-453.43300000000005,3.347,55.235,1925.33,900.5169999999999,-52.166000000000004,-126.971,-31.131,-34.773,-35.288000000000004,19.777,-60.681000000000004,2.136,7.171,97.055,0.349,aflibercept_input_0056_0003
SCORE:,689.627,-5.487,-1605.71,378.70599999999996,-459.356,3.5239999999999996,53.727,1600.832,916.11,-52.306000000000004,-126.01299999999999,-34.165,-35.198,-34.669000000000004,21.648000000000003,-58.958,2.7030000000000003,26.836,97.055,0.349,aflibercept_input_0056_0002
SCORE:,754.591,-5.3,-1620.6229999999998,361.70599999999996,-432.621,3.39,53.687,1670.4279999999999,918.172,-51.97,-121.67200000000001,-36.021,-32.287,-37.849000000000004,25.144000000000002,-59.96,2.2359999999999998,20.894000000000002,97.055,0.184,aflibercept_input_0057_0001
SCORE:,648.5319999999999,-5.292999999999999,-1595.8139999999999,378.89099999999996,-452.79900000000004,3.3110000000000004,52.909,1549.8310000000001,913.5989999999999,-48.055,-123.361,-41.191,-35.115,-30.783,22.298000000000002,-58.863,1.9869999999999999,19.621,97.055,0.303,aflibercept_input_0057_0002
SCORE:,1090.9460000000001,-5.292999999999999,-1582.3670000000002,363.39599999999996,-451.05300000000005,3.286,52.111999999999995,1998.79,905.122,-46.221000000000004,-123.361,-38.326,-35.571999999999996,-32.031,22.758000000000003,-56.071000000000005,1.636,16.782,97.055,0.303,aflibercept_input_0058_0001
SCORE:,-177.58900000000003,-5.3,-1576.132,355.21,-452.24800000000005,3.498,52.905,750.2189999999999,890.535,-54.419,-123.678,-36.556,-32.366,-34.407,24.965,-60.214,2.698,20.463,97.055,0.184,aflibercept_input_0057_0003
SCORE:,1483.646,-5.853,-1591.506,360.728,-450.26300000000003,3.306,52.769,2396.623,898.341,-50.023999999999994,-124.99,-43.49,-32.475,-31.791,25.898000000000003,-54.218,2.104,31.153000000000002,97.055,0.27899999999999997,aflibercept_input_0058_0003
SCORE:,19.69,-5.492000000000001,-1606.5,365.75,-455.69599999999997,3.323,53.26,977.6010000000001,902.8430000000001,-56.854,-123.00200000000001,-37.556999999999995,-33.735,-35.319,23.224,-59.393,1.8780000000000001,7.97,97.055,0.335,aflibercept_input_0058_0002
SCORE:,1153.093,-5.7379999999999995,-1618.701,375.26599999999996,-457.707,3.373,55.236000000000004,2072.491,926.924,-48.765,-126.60700000000001,-38.403,-33.217,-38.885999999999996,17.658,-57.873999999999995,4.313,26.362,97.055,0.312,aflibercept_input_0059_0001
SCORE:,1650.2579999999998,-5.615,-1595.474,368.18699999999995,-436.11300000000006,3.3789999999999996,53.695,2579.466,894.918,-49.61,-123.101,-37.066,-34.882,-37.09,19.418,-61.065,1.7280000000000002,12.127,97.055,0.3,aflibercept_input_0059_0002
SCORE:,1492.835,-5.487,-1604.6470000000002,365.62699999999995,-453.778,3.327,54.32,2435.3160000000003,907.0060000000001,-55.125,-125.477,-31.595,-35.03,-38.028,19.423,-58.06,6.194,11.446,97.055,0.349,aflibercept_input_0060_0001
SCORE:,1297.914,-5.685,-1592.6670000000001,364.439,-452.221,3.2960000000000003,52.448,2232.745,901.674,-49.162,-125.41799999999999,-38.759,-34.236999999999995,-34.78,26.709,-59.663999999999994,1.7069999999999999,10.15,97.055,0.285,aflibercept_input_0059_0003
SCORE:,502.32800000000003,-5.742999999999999,-1578.596,363.654,-434.33099999999996,3.3539999999999996,52.856,1377.27,889.878,-48.457,-122.28,-34.931,-32.795,-35.936,25.796999999999997,-53.703,1.808,37.283,97.055,0.145,aflibercept_input_0060_0002
SCORE:,1060.899,-5.506,-1597.0020000000002,369.654,-444.29900000000004,3.3289999999999997,53.68899999999999,1975.6670000000001,899.5310000000001,-48.463,-126.47,-38.223,-33.645,-34.242,20.425,-56.153,1.7069999999999999,23.558000000000003,97.055,0.28600000000000003,aflibercept_input_0060_0003
SCORE:,1359.85,-5.752000000000001,-1598.618,365.751,-443.061,3.362,53.681999999999995,2248.688,917.6239999999999,-48.744,-125.242,-36.296,-31.739,-32.119,22.761,-62.571000000000005,2.3609999999999998,32.486,97.055,0.21899999999999997,aflibercept_input_0061_0001
SCORE:,788.5,-5.752000000000001,-1608.981,368.079,-457.834,3.322,53.696000000000005,1721.543,921.1080000000001,-51.553000000000004,-123.734,-37.221,-33.95,-31.427,20.919,-60.961000000000006,1.3559999999999999,12.617,97.055,0.21899999999999997,aflibercept_input_0061_0002
SCORE:,270.068,-5.3,-1607.68,355.866,-441.70599999999996,3.303,53.446999999999996,1171.98,922.825,-54.953,-121.67200000000001,-36.65,-32.344,-32.115,23.531999999999996,-59.70399999999999,15.392999999999999,18.607,97.055,0.184,aflibercept_input_0062_0001
SCORE:,1169.005,-5.752000000000001,-1588.234,365.31300000000005,-429.26,3.333,53.653999999999996,2018.9470000000001,906.94,-47.543,-122.42399999999999,-36.579,-33.888000000000005,-30.995,19.644000000000002,-54.931000000000004,34.961999999999996,18.546,97.055,0.21899999999999997,aflibercept_input_0061_0003
SCORE:,1707.474,-5.585,-1609.172,369.625,-449.704,3.338,53.748999999999995,2628.239,914.058,-46.438,-124.421,-37.219,-35.251,-37.102,25.233,-58.049,1.673,17.301,97.055,0.142,aflibercept_input_0063_0002
SCORE:,375.906,-5.492000000000001,-1601.026,368.32099999999997,-454.856,3.3539999999999996,53.42,1316.995,899.967,-52.943000000000005,-123.62299999999999,-37.023,-32.937,-34.782,23.781,-57.536,1.36,11.537,97.055,0.335,aflibercept_input_0062_0003
SCORE:,1173.3319999999999,-5.685,-1594.566,368.458,-469.585,3.2760000000000002,52.684,2118.173,907.2660000000001,-53.902,-124.926,-41.383,-33.308,-32.4,24.554000000000002,-55.924,2.608,10.652999999999999,97.055,0.285,aflibercept_input_0063_0001
SCORE:,1708.682,-5.685,-1606.9660000000001,364.905,-441.98699999999997,3.332,54.19,2624.595,921.453,-50.555,-122.93700000000001,-37.191,-32.876,-39.146,23.761999999999997,-61.044,1.669,15.790999999999999,97.055,0.317,aflibercept_input_0062_0002
SCORE:,1586.494,-5.651,-1621.832,368.86,-453.228,3.412,54.448,2506.965,924.802,-52.257,-124.18700000000001,-36.96,-33.22,-37.157,25.386999999999997,-54.331,1.7369999999999999,22.343000000000004,97.055,0.307,aflibercept_input_0063_0003
SCORE:,342.019,-5.789,-1589.809,369.75199999999995,-435.29900000000004,3.339,54.961999999999996,1235.644,898.044,-46.511,-124.434,-33.16,-32.648,-36.126,19.742,-59.446999999999996,1.9569999999999999,24.625999999999998,97.055,0.12,aflibercept_input_0064_0001
SCORE:,879.0039999999999,-5.789,-1600.675,373.82199999999995,-455.61199999999997,3.409,54.379,1803.786,913.1619999999999,-49.66,-127.404,-33.16,-33.187,-34.537,18.944000000000003,-61.974,1.7790000000000001,14.547,97.055,0.12,aflibercept_input_0064_0003
SCORE:,1116.384,-5.404,-1593.055,358.796,-456.15,3.324,53.825,2053.363,907.33,-53.878,-123.708,-41.632,-32.955999999999996,-33.128,25.495,-59.215,3.032,13.083,97.055,0.20600000000000002,aflibercept_input_0064_0002
SCORE:,824.1189999999999,-5.7379999999999995,-1598.9160000000002,370.035,-446.475,3.304,54.82899999999999,1728.764,915.557,-50.196000000000005,-121.977,-39.945,-33.051,-33.758,25.537,-58.777,1.631,16.128,97.055,0.11,aflibercept_input_0065_0001
SCORE:,829.784,-5.3,-1578.619,372.2,-442.461,3.347,52.948,1732.825,893.2339999999999,-52.68600000000001,-123.94200000000001,-36.021,-33.161,-36.408,25.855,-56.901,1.482,16.153,97.055,0.184,aflibercept_input_0065_0002
SCORE:,455.63800000000003,-5.7379999999999995,-1599.124,368.014,-438.44199999999995,3.355,53.076,1378.505,910.538,-51.917,-122.95100000000001,-40.516,-30.553,-35.438,22.285,-65.286,1.561,11.103,97.055,0.11,aflibercept_input_0065_0003
SCORE:,725.3530000000001,-5.659,-1602.7620000000002,380.718,-435.417,3.444,53.303000000000004,1631.069,907.7339999999999,-49.151,-123.978,-39.77,-33.342,-35.53,24.646,-59.36,1.252,10.805,97.055,0.299,aflibercept_input_0066_0002
SCORE:,694.2230000000001,-5.659,-1613.74,357.22900000000004,-452.836,3.3310000000000004,52.941,1623.193,911.062,-47.222,-125.459,-41.818999999999996,-33.59,-33.203,23.046,-52.961000000000006,1.8219999999999998,30.733,97.055,0.299,aflibercept_input_0066_0001
SCORE:,1207.476,-5.851,-1611.648,373.661,-458.7,3.326,54.358000000000004,2151.121,912.5089999999999,-51.351000000000006,-126.02600000000001,-37.525999999999996,-33.415,-35.76,22.365,-63.22,2.481,13.812999999999999,97.055,0.285,aflibercept_input_0067_0001
SCORE:,1759.441,-5.853,-1600.941,367.884,-446.3,3.3560000000000003,53.198,2651.179,917.4019999999999,-51.817,-122.04299999999999,-41.145,-30.938000000000002,-28.945999999999998,23.750999999999998,-56.534,1.445,28.409000000000002,97.055,0.27899999999999997,aflibercept_input_0067_0002
SCORE:,646.906,-5.492000000000001,-1599.4779999999998,370.626,-434.086,3.355,54.083,1559.628,898.73,-54.003,-122.37,-37.316,-31.565,-34.895,24.741,-59.486999999999995,1.8119999999999998,15.234000000000002,97.055,0.335,aflibercept_input_0066_0003
SCORE:,1645.286,-5.404,-1572.457,364.64300000000003,-454.38599999999997,3.488,55.393,2561.121,885.4639999999999,-49.97,-123.09899999999999,-41.547,-31.549,-34.745,26.846,-56.358999999999995,2.309,18.277,97.055,0.20600000000000002,aflibercept_input_0067_0003
SCORE:,612.971,-5.455,-1584.704,366.769,-458.48900000000003,3.37,52.62,1537.28,893.566,-53.778,-123.167,-42.608999999999995,-32.15,-30.06,24.886999999999997,-55.321999999999996,1.788,21.07,97.055,0.301,aflibercept_input_0068_0001
SCORE:,936.398,-5.455,-1590.8339999999998,360.53,-446.95300000000003,3.35,52.501999999999995,1870.7679999999998,897.7610000000001,-51.326,-124.01700000000001,-41.82899999999999,-32.071,-33.777,22.458000000000002,-57.648,3.11,12.472999999999999,97.055,0.301,aflibercept_input_0068_0003
SCORE:,1099.502,-5.404,-1579.8870000000002,362.899,-449.691,3.3289999999999997,53.75899999999999,1939.6889999999999,901.998,-51.443999999999996,-123.52,-41.083999999999996,-32.291,-32.744,23.875999999999998,-57.37,72.559,17.567,97.055,0.20600000000000002,aflibercept_input_0068_0002
SCORE:,1298.505,-5.7379999999999995,-1585.244,358.034,-452.88800000000003,3.27,53.159,2212.6420000000003,911.875,-46.261,-122.833,-40.434,-32.15,-36.234,23.5,-58.67100000000001,2.444,16.868,97.055,0.11,aflibercept_input_0069_0001
SCORE:,741.0110000000001,-5.64,-1620.2579999999998,379.273,-473.517,3.444,54.702,1682.0379999999998,921.8,-48.242,-125.92200000000001,-40.279,-34.83,-31.654,22.72,-57.347,2.69,14.64,97.055,0.33899999999999997,aflibercept_input_0069_0002
SCORE:,1171.856,-5.3,-1613.805,364.80800000000005,-437.56,3.3569999999999998,53.52,2061.911,932.3660000000001,-51.352,-121.67200000000001,-36.209,-31.124000000000002,-33.827,25.055,-58.419,4.141,18.726,97.055,0.184,aflibercept_input_0069_0003
SCORE:,1293.86,-5.779,-1608.346,368.30800000000005,-446.094,3.447,54.708999999999996,2202.095,912.635,-49.626000000000005,-125.21700000000001,-35.645,-33.107,-34.721,23.129,-56.474,1.771,25.423000000000002,97.055,0.298,aflibercept_input_0070_0003
SCORE:,1151.9080000000001,-5.659,-1598.148,380.324,-462.259,3.437,52.508,2063.8720000000003,910.502,-47.115,-123.978,-39.895,-34.077,-35.78,22.614,-55.0,8.183,15.026,97.055,0.299,aflibercept_input_0070_0001
SCORE:,720.823,-5.7620000000000005,-1584.076,363.371,-444.93300000000005,3.272,53.152,1647.3370000000002,900.721,-47.558,-123.955,-36.391999999999996,-34.274,-35.914,21.521,-62.376999999999995,1.699,7.7829999999999995,97.055,0.152,aflibercept_input_0070_0002
SCORE:,1113.54,-5.492000000000001,-1610.086,368.10699999999997,-445.50300000000004,3.3110000000000004,53.021,2051.185,905.804,-54.208,-123.279,-37.009,-31.263,-34.827,28.23,-64.059,2.031,10.187000000000001,97.055,0.335,aflibercept_input_0071_0002
SCORE:,1819.521,-5.492000000000001,-1604.155,358.608,-429.295,3.307,52.68899999999999,2685.587,902.946,-51.662,-123.68,-35.852,-32.504,-37.844,23.671999999999997,-57.894,58.256,15.442,97.055,0.335,aflibercept_input_0071_0001
SCORE:,166.718,-5.815,-1602.6170000000002,385.89,-458.811,3.365,56.035,1089.588,907.2689999999999,-50.1,-122.273,-45.413999999999994,-32.325,-35.675,23.385,-62.55,1.797,17.742,97.055,0.172,aflibercept_input_0071_0003
SCORE:,727.967,-5.455,-1574.7020000000002,356.19199999999995,-449.18800000000005,3.2889999999999997,51.657,1655.3029999999999,889.732,-52.526,-121.45299999999999,-44.104,-32.576,-33.258,23.8,-59.02,1.829,21.092,97.055,0.301,aflibercept_input_0072_0001
SCORE:,525.707,-5.553999999999999,-1590.5739999999998,363.23199999999997,-454.805,3.333,54.292,1447.4160000000002,908.143,-50.005,-126.84299999999999,-32.95,-33.561,-35.195,22.746,-58.283,1.318,15.658,97.055,0.282,aflibercept_input_0072_0002
SCORE:,-205.148,-5.553999999999999,-1601.662,363.874,-456.43699999999995,3.304,55.331,712.618,912.243,-49.652,-126.449,-35.1,-33.668,-33.25,26.98,-55.565,2.549,17.953,97.055,0.282,aflibercept_input_0072_0003
SCORE:,1199.65,-5.675,-1597.856,375.24800000000005,-439.199,3.353,52.38399999999999,2074.759,919.232,-53.611999999999995,-122.493,-42.919,-32.791,-35.211,23.125999999999998,-54.668,1.751,36.796,97.055,0.37,aflibercept_input_0073_0001
SCORE:,1186.9569999999999,-5.675,-1590.8829999999998,370.55300000000005,-458.337,3.3080000000000003,52.478,2124.304,904.627,-50.846000000000004,-124.816,-41.492,-36.084,-34.135,22.956,-59.542,3.68,9.437000000000001,97.055,0.37,aflibercept_input_0073_0003
SCORE:,815.862,-5.667999999999999,-1588.981,365.055,-471.94199999999995,3.278,51.695,1745.309,908.956,-46.945,-126.39299999999999,-42.672,-33.816,-30.844,21.531,-52.607,1.6030000000000002,21.019000000000002,97.055,0.228,aflibercept_input_0074_0001
SCORE:,1126.113,-5.675,-1607.585,371.16900000000004,-457.29900000000004,3.362,51.74,2060.447,909.051,-51.867,-123.70700000000001,-43.523999999999994,-33.45,-33.45,24.061999999999998,-56.17,2.4619999999999997,19.123,97.055,0.37,aflibercept_input_0073_0002
SCORE:,1749.751,-5.667999999999999,-1605.07,370.86800000000005,-449.14599999999996,3.4010000000000002,54.4,2671.237,911.513,-47.531000000000006,-123.73100000000001,-41.23,-33.352,-32.025999999999996,18.569000000000003,-55.723,1.321,14.633,97.055,0.228,aflibercept_input_0074_0002
SCORE:,1457.369,-5.718999999999999,-1619.247,372.7,-478.19599999999997,3.295,54.923,2356.261,932.1189999999999,-48.523999999999994,-124.23200000000001,-39.497,-34.107,-32.919000000000004,25.247,-55.292,35.876999999999995,17.340999999999998,97.055,0.285,aflibercept_input_0074_0003
SCORE:,1845.9679999999998,-5.492000000000001,-1613.233,371.707,-443.472,3.324,53.965,2790.534,902.3860000000001,-53.178000000000004,-123.12,-38.329,-32.852,-37.38,23.098000000000003,-59.88399999999999,1.5390000000000001,8.965,97.055,0.335,aflibercept_input_0075_0002
SCORE:,727.1189999999999,-5.632000000000001,-1598.935,370.712,-450.055,3.4419999999999997,53.1,1650.504,906.3760000000001,-50.504,-126.13,-36.054,-33.424,-33.938,24.575,-59.38399999999999,1.662,13.433,97.055,0.317,aflibercept_input_0075_0001
SCORE:,825.327,-5.455,-1565.862,361.79400000000004,-452.61400000000003,3.3310000000000004,52.95,1707.354,902.515,-50.604,-121.45299999999999,-42.48,-32.159,-32.885,23.298000000000002,-51.275,1.423,30.095,97.055,0.301,aflibercept_input_0076_0001
SCORE:,1629.87,-5.632000000000001,-1610.139,363.652,-451.93300000000005,3.405,52.625,2553.735,911.166,-46.93899999999999,-125.85799999999999,-36.796,-34.376999999999995,-34.775999999999996,24.005,-56.031000000000006,2.742,23.649,97.055,0.317,aflibercept_input_0075_0003
SCORE:,763.288,-5.553999999999999,-1605.753,366.64,-451.75,3.3569999999999998,55.865,1665.236,918.4789999999999,-52.153,-124.59,-33.641,-35.2,-32.601,19.269000000000002,-54.868,1.785,31.430999999999997,97.055,0.282,aflibercept_input_0076_0002
SCORE:,25.088,-5.553999999999999,-1602.628,363.31699999999995,-453.276,3.3080000000000003,54.018,933.4760000000001,912.798,-48.745,-127.12100000000001,-32.74,-34.414,-32.633,23.099,-56.126999999999995,3.123,27.851,97.055,0.282,aflibercept_input_0076_0003
SCORE:,1472.3120000000001,-5.675,-1573.845,364.676,-443.483,3.298,52.162,2384.053,892.4639999999999,-51.302,-122.59,-41.492,-33.309,-34.918,25.084,-59.81100000000001,9.008,10.565999999999999,97.055,0.37,aflibercept_input_0077_0001
SCORE:,961.83,-5.667999999999999,-1588.3529999999998,369.983,-443.44300000000004,3.325,52.425,1863.2779999999998,896.794,-47.96,-123.73100000000001,-41.224,-33.03,-31.487,21.903000000000002,-54.906000000000006,2.383,24.256,97.055,0.228,aflibercept_input_0077_0003
SCORE:,1025.072,-5.678999999999999,-1611.535,367.506,-429.772,3.4419999999999997,53.626999999999995,1885.683,905.26,-46.777,-124.16,-35.94,-32.247,-37.857,21.415,-55.6,50.088,20.391,97.055,0.174,aflibercept_input_0078_0001
SCORE:,293.22,-5.782,-1578.415,364.181,-451.658,3.279,53.034,1223.85,883.681,-50.665,-124.426,-35.766999999999996,-34.605,-33.193000000000005,21.531,-59.409,1.4280000000000002,18.928,97.055,0.172,aflibercept_input_0077_0002
SCORE:,1478.598,-5.292999999999999,-1592.28,365.106,-433.01199999999994,3.5180000000000002,53.295,2365.0370000000003,906.7589999999999,-45.541000000000004,-123.361,-39.185,-33.113,-31.456999999999997,21.998,-55.59,3.48,20.88,97.055,0.303,aflibercept_input_0078_0003
SCORE:,1851.9170000000001,-5.585,-1604.586,363.42699999999996,-443.848,3.313,53.818000000000005,2766.5029999999997,916.4889999999999,-45.498999999999995,-123.44200000000001,-38.681999999999995,-33.238,-34.936,22.103,-56.924,1.8719999999999999,13.933,97.055,0.142,aflibercept_input_0078_0002
SCORE:,1967.852,-5.624,-1613.4129999999998,370.445,-453.779,3.406,53.787,2875.8709999999996,927.445,-51.501999999999995,-124.11399999999999,-41.373000000000005,-32.010999999999996,-33.796,28.315,-54.803999999999995,1.911,19.723,97.055,0.31,aflibercept_input_0079_0001
SCORE:,833.301,-5.632000000000001,-1605.125,365.139,-459.98400000000004,3.3139999999999996,53.835,1742.1629999999998,916.452,-48.854,-125.62700000000001,-36.227,-33.698,-36.69,26.169,-57.288000000000004,1.3969999999999998,36.586,97.055,0.317,aflibercept_input_0079_0002
SCORE:,839.319,-5.553999999999999,-1597.506,361.728,-447.66900000000004,3.3339999999999996,55.651,1756.5020000000002,904.5369999999999,-48.047,-124.83200000000001,-33.453,-33.738,-33.086999999999996,22.871,-61.906000000000006,1.4409999999999998,21.711,97.055,0.282,aflibercept_input_0079_0003
SCORE:,1802.315,-5.815,-1609.755,367.555,-454.852,3.33,55.263999999999996,2714.2929999999997,921.985,-49.665,-122.273,-43.915,-33.908,-33.463,22.844,-54.87,2.221,26.112,97.055,0.172,aflibercept_input_0080_0001
SCORE:,950.735,-5.55,-1596.996,371.741,-442.311,3.295,54.041000000000004,1865.6879999999999,899.972,-48.791000000000004,-126.73200000000001,-30.664,-32.514,-35.711,21.545,-60.036,1.436,14.955,97.055,0.309,aflibercept_input_0080_0002
SCORE:,305.381,-5.55,-1610.4289999999999,364.094,-451.56199999999995,3.283,53.858000000000004,1228.894,915.148,-49.559,-127.426,-31.502,-33.068000000000005,-36.306,22.561999999999998,-58.531000000000006,1.544,22.566,97.055,0.309,aflibercept_input_0080_0003
SCORE:,1566.229,-5.675,-1609.122,364.685,-446.17900000000003,3.286,52.013999999999996,2482.262,904.487,-48.825,-123.368,-43.163999999999994,-31.939,-32.818000000000005,29.156,-55.982,2.043,27.945,97.055,0.37,aflibercept_input_0081_0001
SCORE:,1002.297,-5.755,-1620.652,364.54699999999997,-432.659,3.3480000000000003,54.047,1922.636,906.682,-45.163000000000004,-125.39,-34.611,-34.719,-37.305,22.949,-57.583999999999996,2.1790000000000003,22.496,97.055,0.19399999999999998,aflibercept_input_0081_0003
SCORE:,1554.4029999999998,-5.782,-1594.656,360.838,-446.015,3.2939999999999996,53.083,2488.831,893.204,-49.333,-123.446,-34.473,-34.038000000000004,-38.271,20.247,-56.888000000000005,1.661,18.921,97.055,0.172,aflibercept_input_0081_0002
SCORE:,554.284,-5.815,-1604.388,357.76199999999994,-446.723,3.286,53.236000000000004,1489.5279999999998,905.597,-52.86,-122.37799999999999,-36.178000000000004,-33.461999999999996,-34.343,26.423000000000002,-59.302,3.513,13.187000000000001,97.055,0.145,aflibercept_input_0082_0001
SCORE:,-136.903,-5.815,-1601.171,363.17199999999997,-455.22900000000004,3.305,54.238,794.9010000000001,901.132,-49.68600000000001,-124.288,-36.839,-33.248000000000005,-34.535,28.401999999999997,-59.103,1.6969999999999998,18.965,97.055,0.145,aflibercept_input_0082_0002
SCORE:,1362.953,-5.815,-1590.191,374.962,-453.01599999999996,3.685,53.876000000000005,2280.776,894.431,-47.412,-122.751,-39.441,-32.93,-35.423,26.698,-59.821000000000005,1.368,16.758,97.055,0.145,aflibercept_input_0082_0003
SCORE:,839.92,-5.632000000000001,-1597.506,368.648,-451.73400000000004,3.365,54.196999999999996,1745.1570000000002,906.7180000000001,-47.144,-125.387,-37.065,-33.661,-36.052,25.616,-59.668,5.251,27.445999999999998,97.055,0.317,aflibercept_input_0083_0002
SCORE:,1193.339,-5.568,-1599.67,366.414,-448.37300000000005,3.2910000000000004,54.676,2131.88,901.257,-47.549,-124.139,-38.385999999999996,-33.641999999999996,-36.829,19.593,-59.39,1.732,10.845,97.055,0.14300000000000002,aflibercept_input_0083_0001
SCORE:,219.612,-5.568,-1603.598,358.702,-455.56,3.2960000000000003,55.574,1151.267,911.645,-48.76,-124.139,-38.859,-33.659,-34.69,23.656,-59.512,1.8619999999999999,20.758000000000003,97.055,0.14300000000000002,aflibercept_input_0083_0003
SCORE:,592.701,-5.659,-1618.433,377.767,-451.569,3.373,53.453,1488.51,929.927,-48.233000000000004,-127.069,-39.658,-32.904,-29.055999999999997,20.445999999999998,-57.17,1.554,30.006,97.055,0.361,aflibercept_input_0084_0001
SCORE:,1063.713,-5.55,-1593.723,363.07599999999996,-448.985,3.284,53.858999999999995,1996.7579999999998,899.27,-48.578,-125.99600000000001,-30.664,-32.004,-39.829,19.886,-59.397,1.361,13.581,97.055,0.309,aflibercept_input_0084_0003
SCORE:,1087.617,-5.553999999999999,-1598.7579999999998,372.189,-452.42800000000005,3.363,55.975,2005.251,913.4630000000001,-51.667,-126.51,-33.538000000000004,-34.866,-34.57,22.467,-60.348,2.887,12.922,97.055,0.282,aflibercept_input_0084_0002
SCORE:,1568.0020000000002,-5.782,-1579.7579999999998,366.361,-432.996,3.303,53.268,2458.806,892.36,-47.114,-122.19,-35.626999999999995,-33.622,-35.336,19.669,-60.385,4.002,25.816999999999997,97.055,0.172,aflibercept_input_0085_0001
SCORE:,747.5419999999999,-5.718,-1589.985,374.744,-452.68699999999995,3.29,54.413999999999994,1659.846,900.7230000000001,-49.066,-123.694,-39.586999999999996,-34.19,-29.816,22.121,-58.32899999999999,4.414,13.897,97.055,0.111,aflibercept_input_0085_0002
SCORE:,270.8,-5.681,-1597.408,371.472,-479.621,3.2739999999999996,53.211000000000006,1231.4769999999999,912.668,-51.576,-125.432,-44.156000000000006,-34.743,-31.123,24.13,-61.937,1.56,7.218,97.055,0.413,aflibercept_input_0086_0001
SCORE:,1611.9679999999998,-5.718,-1586.5339999999999,367.86400000000003,-444.605,3.293,54.01,2530.93,897.46,-50.223,-122.277,-39.14,-34.297,-32.478,22.668000000000003,-61.122,1.624,13.35,97.055,0.111,aflibercept_input_0085_0003
SCORE:,1283.146,-5.624,-1608.861,364.06800000000004,-451.397,3.2969999999999997,54.582,2189.205,916.196,-50.95,-123.54700000000001,-40.039,-33.452,-32.532,28.006,-53.669,6.683,23.815,97.055,0.31,aflibercept_input_0087_0001
SCORE:,323.185,-5.815,-1585.7120000000002,358.464,-450.43199999999996,3.286,53.254,1246.567,888.622,-48.818000000000005,-123.941,-36.119,-34.543,-35.757,26.088,-57.913000000000004,11.196,17.558,97.055,0.145,aflibercept_input_0086_0002
SCORE:,1211.985,-5.681,-1594.524,371.274,-459.189,3.2910000000000004,54.261,2121.156,913.447,-50.068000000000005,-123.719,-46.695,-33.289,-32.461999999999996,24.559,-56.722,13.754000000000001,15.124,97.055,0.413,aflibercept_input_0086_0003
SCORE:,1892.6860000000001,-5.568,-1628.318,368.724,-441.218,3.299,53.868,2793.8740000000003,935.27,-49.215,-124.6,-36.863,-31.123,-34.966,20.054000000000002,-55.346000000000004,1.524,26.094,97.055,0.14300000000000002,aflibercept_input_0087_0002
SCORE:,890.941,-5.455,-1575.596,358.736,-446.774,3.298,53.412,1707.398,897.447,-51.275,-121.45299999999999,-43.831,-32.15,-30.745,27.791999999999998,-52.247,81.44800000000001,23.579,97.055,0.301,aflibercept_input_0087_0003
SCORE:,1154.017,-5.694,-1611.989,372.976,-438.26099999999997,3.398,55.11,2060.3289999999997,917.873,-47.766000000000005,-123.87,-35.425,-32.264,-35.721,24.258000000000003,-62.614,1.631,14.632,97.055,0.35700000000000004,aflibercept_input_0088_0001
SCORE:,1166.4569999999999,-5.789,-1619.424,375.964,-451.29400000000004,3.383,55.048,2091.465,926.765,-54.168,-124.89299999999999,-36.304,-34.618,-33.711999999999996,21.340999999999998,-60.913999999999994,3.438,12.994000000000002,97.055,0.12,aflibercept_input_0088_0002
SCORE:,534.112,-5.694,-1582.721,369.67699999999996,-450.565,3.2969999999999997,53.905,1434.974,912.788,-49.541000000000004,-123.87,-36.086,-31.853,-34.352,20.392,-61.063,1.473,15.94,97.055,0.35700000000000004,aflibercept_input_0088_0003
SCORE:,1617.497,-5.63,-1608.621,353.98800000000006,-446.19,3.266,52.68899999999999,2554.5860000000002,902.492,-52.231,-124.148,-40.394,-32.067,-34.321999999999996,25.474,-54.809,2.419,23.787,97.055,0.154,aflibercept_input_0089_0001
SCORE:,872.523,-5.585,-1584.915,365.51599999999996,-450.254,3.321,52.619,1799.219,894.8610000000001,-44.687,-123.236,-40.388000000000005,-32.622,-34.771,22.651,-62.196999999999996,2.028,13.765999999999998,97.055,0.145,aflibercept_input_0089_0002
SCORE:,646.895,-5.699,-1581.101,367.009,-458.277,3.2939999999999996,53.798,1577.569,898.084,-51.626000000000005,-125.345,-39.95,-30.97,-32.194,25.428,-63.122,2.049,10.572000000000001,97.055,0.321,aflibercept_input_0090_0001
SCORE:,-180.75599999999997,-5.585,-1581.0829999999999,363.356,-442.629,3.292,52.717,730.247,894.538,-43.121,-122.54700000000001,-42.857,-32.99,-32.967,23.728,-62.075,1.579,18.442,97.055,0.145,aflibercept_input_0089_0003
SCORE:,479.31800000000004,-5.815,-1596.145,369.38,-438.908,3.343,53.868,1382.922,899.5060000000001,-47.716,-121.726,-36.321999999999996,-32.29,-35.453,24.596,-60.633,2.799,20.712,97.055,0.145,aflibercept_input_0090_0003
SCORE:,1383.605,-5.815,-1590.219,358.256,-443.55300000000005,3.3,54.777,2315.817,899.6080000000001,-50.218999999999994,-121.726,-36.933,-33.166,-35.806,21.096999999999998,-58.375,1.483,7.877000000000001,97.055,0.145,aflibercept_input_0091_0001
SCORE:,651.729,-5.699,-1569.264,362.675,-438.26199999999994,3.3080000000000003,54.227,1552.2160000000001,891.953,-49.148999999999994,-122.67299999999999,-40.104,-34.199,-35.606,25.061,-57.681999999999995,2.394,15.157,97.055,0.321,aflibercept_input_0090_0002
SCORE:,1495.757,-5.485,-1607.8110000000001,372.358,-452.649,3.3280000000000003,53.202,2416.113,916.143,-47.728,-124.594,-35.488,-35.76,-34.756,19.184,-58.016000000000005,1.7409999999999999,18.692,97.055,0.228,aflibercept_input_0091_0002
SCORE:,895.123,-5.553999999999999,-1590.6470000000002,364.8,-443.22900000000004,3.319,55.006,1785.52,904.7230000000001,-48.791000000000004,-124.74600000000001,-33.13,-33.42,-34.584,22.631999999999998,-56.801,1.485,31.204,97.055,0.282,aflibercept_input_0091_0003
SCORE:,749.493,-5.49,-1602.484,362.829,-452.213,3.5380000000000003,52.617,1678.519,891.898,-48.148,-125.678,-36.472,-33.574,-36.861,26.697,-51.758,2.8710000000000004,25.846999999999998,97.055,0.3,aflibercept_input_0092_0001
SCORE:,1182.736,-5.694,-1581.763,365.00800000000004,-466.50199999999995,3.345,54.75899999999999,2112.611,910.951,-50.108999999999995,-125.264,-37.134,-31.849,-32.468,24.375999999999998,-66.922,2.519,9.46,97.055,0.35700000000000004,aflibercept_input_0092_0002
SCORE:,861.8839999999999,-5.694,-1599.933,366.86,-450.111,3.321,54.15,1750.7060000000001,920.2860000000001,-47.97,-123.87,-36.181999999999995,-35.13,-33.551,25.888,-58.357,3.23,30.83,97.055,0.35700000000000004,aflibercept_input_0092_0003
SCORE:,1669.65,-5.66,-1618.872,369.782,-446.546,3.2880000000000003,54.02,2583.791,931.548,-51.345,-123.215,-38.812,-32.618,-32.967,21.531,-57.355,2.7560000000000002,13.132,97.055,0.138,aflibercept_input_0093_0001
SCORE:,1107.992,-5.656000000000001,-1607.908,367.163,-451.38599999999997,3.2680000000000002,53.86600000000001,1853.85,908.3810000000001,-50.365,-126.529,-34.412,-32.71,-34.981,21.62,-60.055,181.729,24.885,97.055,0.17600000000000002,aflibercept_input_0093_0002
SCORE:,647.305,-5.782,-1597.0629999999999,372.278,-432.986,3.324,53.923,1537.3929999999998,908.775,-49.236000000000004,-122.19,-37.388000000000005,-36.016,-34.356,19.801,-55.81,2.5140000000000002,22.897,97.055,0.172,aflibercept_input_0094_0001
SCORE:,1218.992,-5.699,-1603.766,370.273,-454.343,3.404,54.691,2113.087,916.7360000000001,-51.31,-125.50399999999999,-40.608000000000004,-32.128,-33.034,25.518,-54.16,11.232000000000001,27.226999999999997,97.055,0.321,aflibercept_input_0093_0003
SCORE:,767.49,-5.815,-1602.6960000000001,365.215,-444.63599999999997,3.302,54.29,1680.9270000000001,905.2869999999999,-48.681000000000004,-121.726,-35.632,-35.385,-34.058,24.715999999999998,-55.951,1.713,19.421,97.055,0.145,aflibercept_input_0094_0002
SCORE:,1240.792,-5.605,-1602.21,370.716,-450.658,3.3110000000000004,53.854,2156.022,914.525,-50.04600000000001,-125.448,-40.568000000000005,-34.416,-34.997,28.000999999999998,-58.518,6.099,13.54,97.055,0.135,aflibercept_input_0094_0003
SCORE:,973.5160000000001,-5.68,-1579.0770000000002,363.86699999999996,-438.55699999999996,3.315,53.233999999999995,1791.201,906.919,-48.583,-123.404,-39.56,-31.019000000000002,-35.936,23.535,-55.542,62.309,29.173000000000002,97.055,0.267,aflibercept_input_0095_0002
SCORE:,951.221,-5.68,-1584.104,372.251,-461.962,3.423,53.74100000000001,1867.4460000000001,906.2130000000001,-50.678999999999995,-125.594,-42.574,-32.052,-32.808,24.858,-58.83,1.331,18.92,97.055,0.267,aflibercept_input_0095_0001
SCORE:,1101.857,-5.568,-1601.6,371.24,-447.361,3.548,54.794,1996.601,913.622,-49.38399999999999,-124.647,-37.778,-32.222,-35.248000000000005,21.193,-55.803999999999995,1.855,31.421,97.055,0.14300000000000002,aflibercept_input_0095_0003
SCORE:,1915.507,-5.651,-1609.8310000000001,367.356,-453.01,3.3369999999999997,55.76,2844.968,909.56,-48.593,-124.397,-36.96,-32.585,-38.54,23.883000000000003,-60.449,1.449,21.849,97.055,0.307,aflibercept_input_0096_0001
SCORE:,444.625,-5.596,-1586.8210000000001,374.293,-461.096,3.3539999999999996,52.998999999999995,1346.864,914.503,-48.397,-123.789,-36.113,-34.192,-33.972,21.857,-56.437,1.349,18.622,97.055,0.14400000000000002,aflibercept_input_0096_0002
SCORE:,970.625,-5.694,-1592.793,365.38599999999997,-451.57599999999996,3.278,53.463,1885.8429999999998,911.9060000000001,-49.553000000000004,-123.87,-36.028,-34.983000000000004,-32.308,20.774,-59.475,1.1440000000000001,17.699,97.055,0.35700000000000004,aflibercept_input_0096_0003
SCORE:,986.2289999999999,-5.457999999999999,-1589.0629999999999,363.91,-448.82199999999995,3.2939999999999996,54.277,1904.418,900.3560000000001,-50.349,-122.852,-40.708,-32.992,-31.546,22.36,-56.718999999999994,1.67,17.201,97.055,0.19699999999999998,aflibercept_input_0097_0001
SCORE:,1112.299,-5.656000000000001,-1619.433,362.041,-447.027,3.306,53.31100000000001,2039.601,914.668,-45.364,-125.751,-34.412,-31.651,-35.703,20.511,-56.242,3.5610000000000004,19.308,97.055,0.17600000000000002,aflibercept_input_0097_0002
SCORE:,83.61399999999999,-5.457999999999999,-1585.487,363.015,-449.466,3.293,53.571000000000005,1004.018,893.215,-51.196999999999996,-124.714,-38.74,-31.941,-33.177,31.339000000000002,-60.6,2.198,16.492,97.055,0.19699999999999998,aflibercept_input_0097_0003
SCORE:,1447.568,-5.656000000000001,-1616.119,362.129,-437.931,3.2539999999999996,54.273999999999994,2355.214,911.038,-48.972,-123.59700000000001,-35.756,-32.953,-35.341,20.539,-51.32,2.563,28.973000000000003,97.055,0.17600000000000002,aflibercept_input_0098_0001
SCORE:,871.628,-5.681,-1604.714,366.195,-456.279,3.2880000000000003,54.636,1794.1689999999999,909.342,-46.228,-123.719,-44.98,-33.768,-33.981,24.058000000000003,-58.63399999999999,2.411,28.045,97.055,0.413,aflibercept_input_0098_0002
SCORE:,1660.4279999999999,-5.485,-1599.2160000000001,365.99300000000005,-446.26,3.3569999999999998,52.838,2597.011,904.194,-48.104,-125.38,-34.975,-37.302,-34.236,18.901,-61.949,2.3,11.46,97.055,0.228,aflibercept_input_0099_0001
SCORE:,1257.989,-5.547999999999999,-1588.204,363.04,-446.224,3.3810000000000002,51.733999999999995,2176.715,895.143,-54.75899999999999,-122.12299999999999,-37.709,-34.832,-36.131,23.429000000000002,-55.56,2.9339999999999997,25.266,97.055,0.385,aflibercept_input_0098_0003
SCORE:,123.87200000000001,-5.612,-1588.96,366.55800000000005,-445.73900000000003,3.6,53.71,1020.1110000000001,899.612,-48.555,-125.307,-42.288000000000004,-32.067,-32.998000000000005,25.95,-55.175,1.645,32.141999999999996,97.055,0.19,aflibercept_input_0099_0002
SCORE:,1300.372,-5.55,-1615.2220000000002,368.596,-434.798,3.3160000000000003,53.441,2199.303,921.7719999999999,-49.12,-124.469,-33.8,-33.068000000000005,-38.174,20.003,-54.771,4.256,21.291,97.055,0.309,aflibercept_input_0099_0003
SCORE:,2107.4610000000002,-5.778,-1605.114,356.907,-437.656,3.3089999999999997,52.193000000000005,3033.098,899.4689999999999,-51.049,-122.71700000000001,-32.669000000000004,-34.58,-38.106,25.17,-57.085,3.0010000000000003,21.686,97.055,0.326,aflibercept_input_0100_0001
SCORE:,1276.87,-5.487,-1610.809,369.12,-448.616,3.562,53.443999999999996,2199.491,909.715,-52.941,-126.45299999999999,-31.369,-34.64,-34.516,22.502,-56.269,2.064,20.668000000000003,97.055,0.349,aflibercept_input_0100_0002
SCORE:,985.4780000000001,-5.596,-1585.029,362.65,-461.74,3.3289999999999997,52.803000000000004,1901.156,908.805,-45.338,-124.75200000000001,-35.751,-33.191,-37.566,23.995,-54.869,2.8289999999999997,16.542,97.055,0.14400000000000002,aflibercept_input_0100_0003
